Real,Predito
good,unacc
unacc,unacc
unacc,unacc
unacc,unacc
acc,acc
unacc,unacc
unacc,unacc
acc,acc
unacc,unacc
unacc,acc
unacc,unacc
unacc,unacc
unacc,acc
unacc,unacc
vgood,unacc
unacc,unacc
acc,acc
unacc,unacc
unacc,unacc
unacc,unacc
unacc,unacc
unacc,unacc
unacc,unacc
unacc,unacc
unacc,unacc
unacc,unacc
unacc,unacc
unacc,unacc
unacc,unacc
good,good
unacc,unacc
unacc,unacc
acc,unacc
unacc,unacc
unacc,unacc
good,good
unacc,unacc
unacc,unacc
acc,acc
unacc,unacc
acc,acc
acc,acc
acc,acc
unacc,unacc
unacc,unacc
acc,vgood
unacc,unacc
unacc,unacc
unacc,unacc
acc,vgood
unacc,unacc
acc,unacc
unacc,unacc
unacc,unacc
unacc,unacc
acc,acc
vgood,vgood
unacc,unacc
good,good
unacc,unacc
acc,acc
acc,acc
unacc,unacc
unacc,unacc
acc,acc
unacc,unacc
unacc,unacc
acc,acc
unacc,unacc
unacc,unacc
unacc,unacc
unacc,unacc
acc,acc
unacc,unacc
unacc,unacc
good,unacc
acc,unacc
unacc,unacc
acc,acc
unacc,unacc
unacc,unacc
unacc,unacc
unacc,unacc
unacc,unacc
unacc,unacc
unacc,unacc
unacc,unacc
unacc,unacc
unacc,unacc
acc,acc
unacc,unacc
unacc,unacc
unacc,acc
unacc,unacc
acc,acc
acc,unacc
unacc,unacc
unacc,unacc
good,unacc
unacc,unacc
unacc,unacc
unacc,unacc
acc,acc
unacc,unacc
unacc,unacc
unacc,unacc
acc,acc
good,good
unacc,unacc
acc,acc
vgood,vgood
vgood,vgood
unacc,unacc
unacc,unacc
acc,acc
acc,acc
unacc,unacc
unacc,unacc
unacc,unacc
unacc,unacc
unacc,unacc
unacc,unacc
unacc,unacc
acc,acc
acc,acc
vgood,unacc
unacc,unacc
unacc,unacc
acc,acc
vgood,unacc
acc,acc
unacc,unacc
unacc,unacc
unacc,unacc
unacc,unacc
unacc,unacc
unacc,unacc
unacc,unacc
unacc,unacc
acc,acc
acc,acc
unacc,unacc
unacc,unacc
acc,acc
unacc,unacc
unacc,unacc
vgood,unacc
good,unacc
unacc,unacc
unacc,unacc
unacc,unacc
unacc,acc
vgood,vgood
acc,unacc
unacc,unacc
unacc,unacc
vgood,vgood
acc,acc
acc,acc
unacc,unacc
unacc,unacc
unacc,unacc
unacc,unacc
unacc,unacc
unacc,unacc
unacc,unacc
unacc,unacc
unacc,unacc
unacc,unacc
acc,unacc
unacc,unacc
acc,unacc
unacc,unacc
acc,acc
unacc,unacc
unacc,unacc
acc,acc
unacc,unacc
unacc,unacc
unacc,unacc
unacc,unacc
unacc,unacc
unacc,unacc
acc,acc
unacc,unacc
acc,unacc
unacc,unacc
unacc,unacc
unacc,unacc
acc,acc
unacc,unacc
good,unacc
unacc,unacc
unacc,unacc
acc,acc
unacc,unacc
unacc,unacc
unacc,unacc
acc,acc
unacc,unacc
unacc,unacc
acc,acc
unacc,unacc
unacc,unacc
unacc,unacc
unacc,unacc
unacc,unacc
unacc,acc
unacc,unacc
acc,acc
unacc,unacc
acc,acc
unacc,unacc
acc,unacc
unacc,unacc
unacc,unacc
unacc,unacc
acc,acc
unacc,unacc
unacc,unacc
unacc,unacc
unacc,unacc
unacc,unacc
acc,acc
acc,acc
unacc,unacc
acc,acc
unacc,unacc
good,good
unacc,unacc
acc,acc
unacc,unacc
unacc,unacc
unacc,unacc
unacc,unacc
unacc,unacc
acc,acc
unacc,unacc
unacc,unacc
unacc,unacc
unacc,unacc
acc,acc
vgood,unacc
unacc,unacc
unacc,unacc
unacc,unacc
unacc,unacc
unacc,unacc
unacc,unacc
unacc,unacc
acc,unacc
unacc,unacc
acc,acc
acc,acc
vgood,vgood
unacc,unacc
unacc,unacc
unacc,unacc
unacc,acc
unacc,unacc
unacc,unacc
unacc,unacc
unacc,unacc
good,good
unacc,unacc
unacc,unacc
good,good
unacc,unacc
unacc,unacc
unacc,unacc
unacc,unacc
unacc,unacc
unacc,unacc
unacc,unacc
unacc,unacc
unacc,unacc
acc,acc
unacc,unacc
unacc,unacc
unacc,unacc
unacc,unacc
unacc,unacc
unacc,unacc
vgood,unacc
acc,acc
unacc,unacc
unacc,unacc
acc,unacc
acc,acc
acc,acc
unacc,unacc
unacc,unacc
unacc,unacc
unacc,unacc
acc,unacc
unacc,unacc
unacc,unacc
acc,acc
unacc,unacc
acc,unacc
acc,acc
acc,unacc
unacc,unacc
unacc,acc
unacc,unacc
unacc,unacc
unacc,unacc
unacc,unacc
good,unacc
acc,acc
unacc,unacc
unacc,unacc
unacc,unacc
acc,unacc
unacc,unacc
unacc,unacc
unacc,unacc
unacc,unacc
unacc,unacc
unacc,unacc
unacc,unacc
unacc,unacc
unacc,unacc
unacc,unacc
unacc,unacc
unacc,unacc
unacc,unacc
vgood,vgood
unacc,unacc
acc,acc
unacc,unacc
unacc,unacc
unacc,unacc
unacc,unacc
good,good
acc,acc
unacc,unacc
unacc,unacc
unacc,unacc
acc,acc
acc,acc
unacc,unacc
acc,acc
unacc,unacc
unacc,unacc
unacc,unacc
