Historia de Credito,Divida,Garantia,Renda,Tempo de Emprego,Risco
Ruim,Alta,Nenhuma,$0 a $15k,Menos de 1 ano,Alto
Desconhecida,Alta,Nenhuma,$15 a $35k,Menos de 1 ano,Alto
Desconhecida,Baixa,Nenhuma,$15 a $35k,1 a 3 anos,Moderado
Desconhecida,Baixa,Nenhuma,$0 a $15k,Menos de 1 ano,Alto
Desconhecida,Baixa,Nenhuma,Acima de $35k,Acima de 3 anos,Baixo
Desconhecida,Baixa,Adequada,Acima de $35k,Acima de 3 anos,Baixo
Ruim,Baixa,Nenhuma,$0 a $15k,Menos de 1 ano,Alto
Ruim,Baixa,Adequada,Acima de $35k,Acima de 3 anos,Moderado
Boa,Baixa,Nenhuma,Acima de $35k,Acima de 3 anos,Baixo
Boa,Alta,Adequada,Acima de $35k,Acima de 3 anos,Baixo
Boa,Alta,Nenhuma,$0 a $15k,Menos de 1 ano,Alto
Boa,Alta,Nenhuma,$15 a $35k,1 a 3 anos,Moderado
Boa,Alta,Nenhuma,Acima de $35k,Acima de 3 anos,Baixo
Ruim,Alta,Nenhuma,$15 a $35k,Menos de 1 ano,Alto
Ruim,Alta,Adequada,$0 a $15k,Menos de 1 ano,Moderado
Boa,Baixa,Adequada,$15 a $35k,1 a 3 anos,Baixo
Desconhecida,Alta,Adequada,$15 a $35k,1 a 3 anos,Moderado
Ruim,Baixa,Nenhuma,$15 a $35k,1 a 3 anos,Alto
Boa,Baixa,Nenhuma,$0 a $15k,Menos de 1 ano,Moderado
Desconhecida,Alta,Nenhuma,$0 a $15k,Menos de 1 ano,Alto
Boa,Alta,Adequada,$15 a $35k,1 a 3 anos,Moderado
Ruim,Alta,Adequada,Acima de $35k,Acima de 3 anos,Moderado
Desconhecida,Baixa,Adequada,$0 a $15k,1 a 3 anos,Moderado
Boa,Baixa,Nenhuma,$15 a $35k,Acima de 3 anos,Baixo
Ruim,Baixa,Nenhuma,Acima de $35k,Menos de 1 ano,Moderado
Desconhecida,Alta,Nenhuma,Acima de $35k,1 a 3 anos,Moderado
Boa,Alta,Nenhuma,$0 a $15k,Acima de 3 anos,Moderado
Desconhecida,Baixa,Nenhuma,$15 a $35k,Acima de 3 anos,Baixo
Ruim,Alta,Nenhuma,$0 a $15k,1 a 3 anos,Alto
Boa,Baixa,Adequada,Acima de $35k,1 a 3 anos,Baixo
